runID,Isotope,Activity,Shielding
0,Co60,1000.0,1.0
1,Co60,1000.0,7.333333333333333
2,Co60,1000.0,13.666666666666666
3,Co60,1000.0,20.0
4,Cs137,1000.0,1.0
5,Cs137,1000.0,7.333333333333333
6,Cs137,1000.0,13.666666666666666
7,Cs137,1000.0,20.0
8,Eu152,1000.0,1.0
9,Eu152,1000.0,7.333333333333333
10,Eu152,1000.0,13.666666666666666
11,Eu152,1000.0,20.0
